"","date","hour","time","time_e","regfocus","subj","block","mood_prom","mood_prev","moodrtprom","moodrtprev","trial","tcode","resp","rt","rt_log","trl1","trait_vale","rse","gender","age","filter_.","pred_1","sepred_1"
"269",60506,"14:09       ",2,1,1,1,2,14,14,2481.33,2796.5,2,"traits     ",1,1061,6.97,28,-1,19,1,22,"Selected",1506.04926365222,144.702623323315
"270",60506,"14:09       ",2,1,1,1,2,14,14,2481.33,2796.5,5,"traits     ",1,1590,7.37,31,-1,19,1,22,"Selected",1506.04926365222,144.702623323315
"271",60506,"14:09       ",2,1,1,1,2,14,14,2481.33,2796.5,7,"traits     ",1,1991,7.6,34,-1,19,1,22,"Selected",1506.04926365222,144.702623323315
"272",60506,"14:09       ",2,1,1,1,2,14,14,2481.33,2796.5,16,"traits     ",1,1285,7.16,27,-1,19,1,22,"Selected",1506.04926365222,144.702623323315
"273",60506,"14:09       ",2,1,1,1,2,14,14,2481.33,2796.5,18,"traits     ",1,1213,7.1,32,-1,19,1,22,"Selected",1506.04926365222,144.702623323315
"274",60506,"14:09       ",2,1,1,1,2,14,14,2481.33,2796.5,24,"traits     ",1,1192,7.08,38,-1,19,1,22,"Selected",1506.04926365222,144.702623323315
"275",60506,"14:09       ",2,1,1,1,2,14,14,2481.33,2796.5,31,"traits     ",1,2214,7.7,35,-1,19,1,22,"Selected",1506.04926365222,144.702623323315
"276",60506,"14:09       ",2,1,1,1,2,14,14,2481.33,2796.5,36,"traits     ",1,1409,7.25,22,-1,19,1,22,"Selected",1506.04926365222,144.702623323315
"1043",60506,"14:09       ",2,1,1,1,2,14,14,2481.33,2796.5,1,"traits     ",1,1373,7.22,16,1,19,1,22,"Selected",1152.9205254925,163.411697039282
"1044",60506,"14:09       ",2,1,1,1,2,14,14,2481.33,2796.5,3,"traits     ",1,629,6.44,14,1,19,1,22,"Selected",1152.9205254925,163.411697039282
"1045",60506,"14:09       ",2,1,1,1,2,14,14,2481.33,2796.5,4,"traits     ",1,854,6.75,20,1,19,1,22,"Selected",1152.9205254925,163.411697039282
"1046",60506,"14:09       ",2,1,1,1,2,14,14,2481.33,2796.5,8,"traits     ",1,668,6.5,4,1,19,1,22,"Selected",1152.9205254925,163.411697039282
"1047",60506,"14:09       ",2,1,1,1,2,14,14,2481.33,2796.5,9,"traits     ",1,583,6.37,2,1,19,1,22,"Selected",1152.9205254925,163.411697039282
"1048",60506,"14:09       ",2,1,1,1,2,14,14,2481.33,2796.5,12,"traits     ",1,694,6.54,15,1,19,1,22,"Selected",1152.9205254925,163.411697039282
"1049",60506,"14:09       ",2,1,1,1,2,14,14,2481.33,2796.5,13,"traits     ",1,1222,7.11,19,1,19,1,22,"Selected",1152.9205254925,163.411697039282
"1050",60506,"14:09       ",2,1,1,1,2,14,14,2481.33,2796.5,14,"traits     ",1,838,6.73,17,1,19,1,22,"Selected",1152.9205254925,163.411697039282
"1051",60506,"14:09       ",2,1,1,1,2,14,14,2481.33,2796.5,15,"traits     ",1,1622,7.39,9,1,19,1,22,"Selected",1152.9205254925,163.411697039282
"1052",60506,"14:09       ",2,1,1,1,2,14,14,2481.33,2796.5,19,"traits     ",1,1177,7.07,6,1,19,1,22,"Selected",1152.9205254925,163.411697039282
"1053",60506,"14:09       ",2,1,1,1,2,14,14,2481.33,2796.5,29,"traits     ",1,1326,7.19,5,1,19,1,22,"Selected",1152.9205254925,163.411697039282
"1054",60506,"14:09       ",2,1,1,1,2,14,14,2481.33,2796.5,30,"traits     ",1,1907,7.55,12,1,19,1,22,"Selected",1152.9205254925,163.411697039282
"1055",60506,"14:09       ",2,1,1,1,2,14,14,2481.33,2796.5,34,"traits     ",1,2483,7.82,7,1,19,1,22,"Selected",1152.9205254925,163.411697039282
"1056",60506,"14:09       ",2,1,1,1,2,14,14,2481.33,2796.5,37,"traits     ",1,1006,6.91,10,1,19,1,22,"Selected",1152.9205254925,163.411697039282
"161",60506,"15:08       ",2,1,-1,3,2,16,12,2804.5,2662.5,19,"traits     ",1,1232,7.12,25,-1,25,1,21,"Selected",1199.81527721012,179.203994099193
"162",60506,"15:08       ",2,1,-1,3,2,16,12,2804.5,2662.5,40,"traits     ",1,1286,7.16,34,-1,25,1,21,"Selected",1199.81527721012,179.203994099193
"780",60506,"15:08       ",2,1,-1,3,2,16,12,2804.5,2662.5,5,"traits     ",1,777,6.66,4,1,25,1,21,"Selected",1050.25502097534,199.435352985703
"781",60506,"15:08       ",2,1,-1,3,2,16,12,2804.5,2662.5,7,"traits     ",1,987,6.89,14,1,25,1,21,"Selected",1050.25502097534,199.435352985703
"782",60506,"15:08       ",2,1,-1,3,2,16,12,2804.5,2662.5,12,"traits     ",1,1068,6.97,2,1,25,1,21,"Selected",1050.25502097534,199.435352985703
"783",60506,"15:08       ",2,1,-1,3,2,16,12,2804.5,2662.5,14,"traits     ",1,979,6.89,15,1,25,1,21,"Selected",1050.25502097534,199.435352985703
"784",60506,"15:08       ",2,1,-1,3,2,16,12,2804.5,2662.5,24,"traits     ",1,813,6.7,10,1,25,1,21,"Selected",1050.25502097534,199.435352985703
"785",60506,"15:08       ",2,1,-1,3,2,16,12,2804.5,2662.5,29,"traits     ",1,937,6.84,19,1,25,1,21,"Selected",1050.25502097534,199.435352985703
"786",60506,"15:08       ",2,1,-1,3,2,16,12,2804.5,2662.5,32,"traits     ",1,993,6.9,20,1,25,1,21,"Selected",1050.25502097534,199.435352985703
"787",60506,"15:08       ",2,1,-1,3,2,16,12,2804.5,2662.5,36,"traits     ",1,1115,7.02,16,1,25,1,21,"Selected",1050.25502097534,199.435352985703
"788",60506,"15:08       ",2,1,-1,3,2,16,12,2804.5,2662.5,38,"traits     ",1,1383,7.23,12,1,25,1,21,"Selected",1050.25502097534,199.435352985703
"163",60606,"12:23       ",2,1,-1,4,2,7,9,1598.5,2152.17,1,"traits     ",1,1281,7.16,23,-1,11,2,21,"Selected",912.146720971207,135.197582686288
"164",60606,"12:23       ",2,1,-1,4,2,7,9,1598.5,2152.17,2,"traits     ",1,600,6.4,28,-1,11,2,21,"Selected",912.146720971207,135.197582686288
"165",60606,"12:23       ",2,1,-1,4,2,7,9,1598.5,2152.17,7,"traits     ",1,1081,6.99,34,-1,11,2,21,"Selected",912.146720971207,135.197582686288
"166",60606,"12:23       ",2,1,-1,4,2,7,9,1598.5,2152.17,10,"traits     ",1,556,6.32,37,-1,11,2,21,"Selected",912.146720971207,135.197582686288
"167",60606,"12:23       ",2,1,-1,4,2,7,9,1598.5,2152.17,12,"traits     ",1,827,6.72,27,-1,11,2,21,"Selected",912.146720971207,135.197582686288
"168",60606,"12:23       ",2,1,-1,4,2,7,9,1598.5,2152.17,21,"traits     ",1,917,6.82,24,-1,11,2,21,"Selected",912.146720971207,135.197582686288
"169",60606,"12:23       ",2,1,-1,4,2,7,9,1598.5,2152.17,24,"traits     ",1,812,6.7,25,-1,11,2,21,"Selected",912.146720971207,135.197582686288
"170",60606,"12:23       ",2,1,-1,4,2,7,9,1598.5,2152.17,27,"traits     ",1,633,6.45,31,-1,11,2,21,"Selected",912.146720971207,135.197582686288
"171",60606,"12:23       ",2,1,-1,4,2,7,9,1598.5,2152.17,28,"traits     ",1,610,6.41,26,-1,11,2,21,"Selected",912.146720971207,135.197582686288
"172",60606,"12:23       ",2,1,-1,4,2,7,9,1598.5,2152.17,31,"traits     ",1,764,6.64,36,-1,11,2,21,"Selected",912.146720971207,135.197582686288
"173",60606,"12:23       ",2,1,-1,4,2,7,9,1598.5,2152.17,32,"traits     ",1,616,6.42,39,-1,11,2,21,"Selected",912.146720971207,135.197582686288
"174",60606,"12:23       ",2,1,-1,4,2,7,9,1598.5,2152.17,34,"traits     ",1,620,6.43,38,-1,11,2,21,"Selected",912.146720971207,135.197582686288
"175",60606,"12:23       ",2,1,-1,4,2,7,9,1598.5,2152.17,35,"traits     ",1,753,6.62,29,-1,11,2,21,"Selected",912.146720971207,135.197582686288
"795",60606,"12:23       ",2,1,-1,4,2,7,9,1598.5,2152.17,11,"traits     ",1,836,6.73,4,1,11,2,21,"Selected",1047.17463218708,230.902366058146
"796",60606,"12:23       ",2,1,-1,4,2,7,9,1598.5,2152.17,30,"traits     ",1,1419,7.26,15,1,11,2,21,"Selected",1047.17463218708,230.902366058146
"797",60606,"12:23       ",2,1,-1,4,2,7,9,1598.5,2152.17,37,"traits     ",1,1131,7.03,1,1,11,2,21,"Selected",1047.17463218708,230.902366058146
"798",60606,"12:23       ",2,1,-1,4,2,7,9,1598.5,2152.17,38,"traits     ",1,764,6.64,19,1,11,2,21,"Selected",1047.17463218708,230.902366058146
"277",60606,"12:28       ",2,1,1,5,2,13,13,2062,1950.83,4,"traits     ",1,943,6.85,29,-1,25,2,20,"Selected",1154.99602939622,130.122264719508
"278",60606,"12:28       ",2,1,1,5,2,13,13,2062,1950.83,6,"traits     ",1,684,6.53,37,-1,25,2,20,"Selected",1154.99602939622,130.122264719508
"279",60606,"12:28       ",2,1,1,5,2,13,13,2062,1950.83,11,"traits     ",1,976,6.88,34,-1,25,2,20,"Selected",1154.99602939622,130.122264719508
"280",60606,"12:28       ",2,1,1,5,2,13,13,2062,1950.83,12,"traits     ",1,658,6.49,30,-1,25,2,20,"Selected",1154.99602939622,130.122264719508
"281",60606,"12:28       ",2,1,1,5,2,13,13,2062,1950.83,14,"traits     ",1,855,6.75,36,-1,25,2,20,"Selected",1154.99602939622,130.122264719508
"282",60606,"12:28       ",2,1,1,5,2,13,13,2062,1950.83,15,"traits     ",1,850,6.75,39,-1,25,2,20,"Selected",1154.99602939622,130.122264719508
"283",60606,"12:28       ",2,1,1,5,2,13,13,2062,1950.83,17,"traits     ",1,1016,6.92,23,-1,25,2,20,"Selected",1154.99602939622,130.122264719508
"284",60606,"12:28       ",2,1,1,5,2,13,13,2062,1950.83,19,"traits     ",1,811,6.7,24,-1,25,2,20,"Selected",1154.99602939622,130.122264719508
"285",60606,"12:28       ",2,1,1,5,2,13,13,2062,1950.83,20,"traits     ",1,744,6.61,26,-1,25,2,20,"Selected",1154.99602939622,130.122264719508
"286",60606,"12:28       ",2,1,1,5,2,13,13,2062,1950.83,22,"traits     ",1,758,6.63,31,-1,25,2,20,"Selected",1154.99602939622,130.122264719508
"287",60606,"12:28       ",2,1,1,5,2,13,13,2062,1950.83,24,"traits     ",1,979,6.89,22,-1,25,2,20,"Selected",1154.99602939622,130.122264719508
"288",60606,"12:28       ",2,1,1,5,2,13,13,2062,1950.83,29,"traits     ",1,999,6.91,25,-1,25,2,20,"Selected",1154.99602939622,130.122264719508
"289",60606,"12:28       ",2,1,1,5,2,13,13,2062,1950.83,31,"traits     ",1,838,6.73,28,-1,25,2,20,"Selected",1154.99602939622,130.122264719508
"290",60606,"12:28       ",2,1,1,5,2,13,13,2062,1950.83,32,"traits     ",1,938,6.84,27,-1,25,2,20,"Selected",1154.99602939622,130.122264719508
"291",60606,"12:28       ",2,1,1,5,2,13,13,2062,1950.83,35,"traits     ",1,887,6.79,21,-1,25,2,20,"Selected",1154.99602939622,130.122264719508
"292",60606,"12:28       ",2,1,1,5,2,13,13,2062,1950.83,37,"traits     ",1,708,6.56,33,-1,25,2,20,"Selected",1154.99602939622,130.122264719508
"293",60606,"12:28       ",2,1,1,5,2,13,13,2062,1950.83,40,"traits     ",1,833,6.73,35,-1,25,2,20,"Selected",1154.99602939622,130.122264719508
"1061",60606,"12:28       ",2,1,1,5,2,13,13,2062,1950.83,5,"traits     ",1,1252,7.13,1,1,25,2,20,"Selected",796.179883798525,206.018750604565
"1062",60606,"12:28       ",2,1,1,5,2,13,13,2062,1950.83,8,"traits     ",1,1059,6.97,16,1,25,2,20,"Selected",796.179883798525,206.018750604565
"1063",60606,"12:28       ",2,1,1,5,2,13,13,2062,1950.83,16,"traits     ",1,985,6.89,12,1,25,2,20,"Selected",796.179883798525,206.018750604565
"1064",60606,"12:28       ",2,1,1,5,2,13,13,2062,1950.83,23,"traits     ",1,730,6.59,19,1,25,2,20,"Selected",796.179883798525,206.018750604565
"1065",60606,"12:28       ",2,1,1,5,2,13,13,2062,1950.83,26,"traits     ",1,773,6.65,15,1,25,2,20,"Selected",796.179883798525,206.018750604565
"1066",60606,"12:28       ",2,1,1,5,2,13,13,2062,1950.83,33,"traits     ",1,783,6.66,20,1,25,2,20,"Selected",796.179883798525,206.018750604565
"1067",60606,"12:28       ",2,1,1,5,2,13,13,2062,1950.83,38,"traits     ",1,967,6.87,4,1,25,2,20,"Selected",796.179883798525,206.018750604565
"176",60606,"12:28       ",2,1,-1,6,2,17,14,2510,2345.17,5,"traits     ",1,627,6.44,37,-1,29,2,20,"Selected",798.892690620423,147.535669861224
"177",60606,"12:28       ",2,1,-1,6,2,17,14,2510,2345.17,7,"traits     ",1,667,6.5,36,-1,29,2,20,"Selected",798.892690620423,147.535669861224
"178",60606,"12:28       ",2,1,-1,6,2,17,14,2510,2345.17,11,"traits     ",1,973,6.88,30,-1,29,2,20,"Selected",798.892690620423,147.535669861224
"179",60606,"12:28       ",2,1,-1,6,2,17,14,2510,2345.17,16,"traits     ",1,957,6.86,29,-1,29,2,20,"Selected",798.892690620423,147.535669861224
"180",60606,"12:28       ",2,1,-1,6,2,17,14,2510,2345.17,37,"traits     ",1,1190,7.08,32,-1,29,2,20,"Selected",798.892690620423,147.535669861224
"181",60606,"12:28       ",2,1,-1,6,2,17,14,2510,2345.17,39,"traits     ",1,804,6.69,34,-1,29,2,20,"Selected",798.892690620423,147.535669861224
"802",60606,"12:28       ",2,1,-1,6,2,17,14,2510,2345.17,3,"traits     ",1,566,6.34,13,1,29,2,20,"Selected",698.809706550336,173.824352676421
"803",60606,"12:28       ",2,1,-1,6,2,17,14,2510,2345.17,6,"traits     ",1,585,6.37,14,1,29,2,20,"Selected",698.809706550336,173.824352676421
"804",60606,"12:28       ",2,1,-1,6,2,17,14,2510,2345.17,9,"traits     ",1,561,6.33,2,1,29,2,20,"Selected",698.809706550336,173.824352676421
"805",60606,"12:28       ",2,1,-1,6,2,17,14,2510,2345.17,13,"traits     ",1,430,6.06,7,1,29,2,20,"Selected",698.809706550336,173.824352676421
"806",60606,"12:28       ",2,1,-1,6,2,17,14,2510,2345.17,14,"traits     ",1,764,6.64,11,1,29,2,20,"Selected",698.809706550336,173.824352676421
"807",60606,"12:28       ",2,1,-1,6,2,17,14,2510,2345.17,15,"traits     ",1,533,6.28,18,1,29,2,20,"Selected",698.809706550336,173.824352676421
"808",60606,"12:28       ",2,1,-1,6,2,17,14,2510,2345.17,25,"traits     ",1,607,6.41,9,1,29,2,20,"Selected",698.809706550336,173.824352676421
"809",60606,"12:28       ",2,1,-1,6,2,17,14,2510,2345.17,26,"traits     ",1,659,6.49,8,1,29,2,20,"Selected",698.809706550336,173.824352676421
"810",60606,"12:28       ",2,1,-1,6,2,17,14,2510,2345.17,27,"traits     ",1,848,6.74,20,1,29,2,20,"Selected",698.809706550336,173.824352676421
"811",60606,"12:28       ",2,1,-1,6,2,17,14,2510,2345.17,31,"traits     ",1,809,6.7,16,1,29,2,20,"Selected",698.809706550336,173.824352676421
"812",60606,"12:28       ",2,1,-1,6,2,17,14,2510,2345.17,32,"traits     ",1,572,6.35,1,1,29,2,20,"Selected",698.809706550336,173.824352676421
"813",60606,"12:28       ",2,1,-1,6,2,17,14,2510,2345.17,40,"traits     ",1,606,6.41,4,1,29,2,20,"Selected",698.809706550336,173.824352676421
"182",60606,"12:29       ",2,1,-1,7,2,15,15,2597.83,3586.83,2,"traits     ",1,1280,7.15,40,-1,30,2,21,"Selected",1418.70690763279,129.835641439055
"183",60606,"12:29       ",2,1,-1,7,2,15,15,2597.83,3586.83,5,"traits     ",1,1530,7.33,30,-1,30,2,21,"Selected",1418.70690763279,129.835641439055
"184",60606,"12:29       ",2,1,-1,7,2,15,15,2597.83,3586.83,8,"traits     ",1,1579,7.36,26,-1,30,2,21,"Selected",1418.70690763279,129.835641439055
"185",60606,"12:29       ",2,1,-1,7,2,15,15,2597.83,3586.83,14,"traits     ",1,1099,7,21,-1,30,2,21,"Selected",1418.70690763279,129.835641439055
"186",60606,"12:29       ",2,1,-1,7,2,15,15,2597.83,3586.83,16,"traits     ",1,662,6.5,25,-1,30,2,21,"Selected",1418.70690763279,129.835641439055
"187",60606,"12:29       ",2,1,-1,7,2,15,15,2597.83,3586.83,19,"traits     ",1,920,6.82,31,-1,30,2,21,"Selected",1418.70690763279,129.835641439055
"188",60606,"12:29       ",2,1,-1,7,2,15,15,2597.83,3586.83,21,"traits     ",1,1007,6.91,36,-1,30,2,21,"Selected",1418.70690763279,129.835641439055
"189",60606,"12:29       ",2,1,-1,7,2,15,15,2597.83,3586.83,22,"traits     ",1,1110,7.01,37,-1,30,2,21,"Selected",1418.70690763279,129.835641439055
"190",60606,"12:29       ",2,1,-1,7,2,15,15,2597.83,3586.83,24,"traits     ",1,3223,8.08,32,-1,30,2,21,"Selected",1418.70690763279,129.835641439055
"191",60606,"12:29       ",2,1,-1,7,2,15,15,2597.83,3586.83,25,"traits     ",1,1431,7.27,39,-1,30,2,21,"Selected",1418.70690763279,129.835641439055
"192",60606,"12:29       ",2,1,-1,7,2,15,15,2597.83,3586.83,32,"traits     ",1,908,6.81,33,-1,30,2,21,"Selected",1418.70690763279,129.835641439055
"818",60606,"12:29       ",2,1,-1,7,2,15,15,2597.83,3586.83,3,"traits     ",1,3318,8.11,18,1,30,2,21,"Selected",1690.95152889079,180.981958940733
"819",60606,"12:29       ",2,1,-1,7,2,15,15,2597.83,3586.83,7,"traits     ",1,1690,7.43,8,1,30,2,21,"Selected",1690.95152889079,180.981958940733
"820",60606,"12:29       ",2,1,-1,7,2,15,15,2597.83,3586.83,12,"traits     ",1,796,6.68,1,1,30,2,21,"Selected",1690.95152889079,180.981958940733
"821",60606,"12:29       ",2,1,-1,7,2,15,15,2597.83,3586.83,15,"traits     ",1,1268,7.15,14,1,30,2,21,"Selected",1690.95152889079,180.981958940733
"822",60606,"12:29       ",2,1,-1,7,2,15,15,2597.83,3586.83,18,"traits     ",1,1191,7.08,7,1,30,2,21,"Selected",1690.95152889079,180.981958940733
"823",60606,"12:29       ",2,1,-1,7,2,15,15,2597.83,3586.83,20,"traits     ",1,3015,8.01,6,1,30,2,21,"Selected",1690.95152889079,180.981958940733
"824",60606,"12:29       ",2,1,-1,7,2,15,15,2597.83,3586.83,34,"traits     ",1,1119,7.02,16,1,30,2,21,"Selected",1690.95152889079,180.981958940733
"825",60606,"12:29       ",2,1,-1,7,2,15,15,2597.83,3586.83,35,"traits     ",1,1806,7.5,13,1,30,2,21,"Selected",1690.95152889079,180.981958940733
"826",60606,"12:29       ",2,1,-1,7,2,15,15,2597.83,3586.83,37,"traits     ",1,636,6.46,2,1,30,2,21,"Selected",1690.95152889079,180.981958940733
"827",60606,"12:29       ",2,1,-1,7,2,15,15,2597.83,3586.83,40,"traits     ",1,2973,8,9,1,30,2,21,"Selected",1690.95152889079,180.981958940733
"193",61506,"15:05       ",2,1,-1,10,2,22,18,2861.33,2276.67,2,"traits     ",1,1215,7.1,34,-1,30,1,23,"Selected",1063.75738124093,147.726797163509
"194",61506,"15:05       ",2,1,-1,10,2,22,18,2861.33,2276.67,40,"traits     ",1,1675,7.42,31,-1,30,1,23,"Selected",1063.75738124093,147.726797163509
"848",61506,"15:05       ",2,1,-1,10,2,22,18,2861.33,2276.67,1,"traits     ",1,1151,7.05,8,1,30,1,23,"Selected",910.144434535431,148.973625976145
"849",61506,"15:05       ",2,1,-1,10,2,22,18,2861.33,2276.67,4,"traits     ",1,670,6.51,20,1,30,1,23,"Selected",910.144434535431,148.973625976145
"850",61506,"15:05       ",2,1,-1,10,2,22,18,2861.33,2276.67,12,"traits     ",1,780,6.66,3,1,30,1,23,"Selected",910.144434535431,148.973625976145
"851",61506,"15:05       ",2,1,-1,10,2,22,18,2861.33,2276.67,18,"traits     ",1,968,6.88,12,1,30,1,23,"Selected",910.144434535431,148.973625976145
"852",61506,"15:05       ",2,1,-1,10,2,22,18,2861.33,2276.67,19,"traits     ",1,958,6.86,15,1,30,1,23,"Selected",910.144434535431,148.973625976145
"853",61506,"15:05       ",2,1,-1,10,2,22,18,2861.33,2276.67,22,"traits     ",1,1296,7.17,19,1,30,1,23,"Selected",910.144434535431,148.973625976145
"854",61506,"15:05       ",2,1,-1,10,2,22,18,2861.33,2276.67,24,"traits     ",1,723,6.58,13,1,30,1,23,"Selected",910.144434535431,148.973625976145
"855",61506,"15:05       ",2,1,-1,10,2,22,18,2861.33,2276.67,25,"traits     ",1,784,6.66,11,1,30,1,23,"Selected",910.144434535431,148.973625976145
"856",61506,"15:05       ",2,1,-1,10,2,22,18,2861.33,2276.67,27,"traits     ",1,685,6.53,14,1,30,1,23,"Selected",910.144434535431,148.973625976145
"857",61506,"15:05       ",2,1,-1,10,2,22,18,2861.33,2276.67,28,"traits     ",1,625,6.44,7,1,30,1,23,"Selected",910.144434535431,148.973625976145
"858",61506,"15:05       ",2,1,-1,10,2,22,18,2861.33,2276.67,29,"traits     ",1,644,6.47,18,1,30,1,23,"Selected",910.144434535431,148.973625976145
"859",61506,"15:05       ",2,1,-1,10,2,22,18,2861.33,2276.67,31,"traits     ",1,1300,7.17,5,1,30,1,23,"Selected",910.144434535431,148.973625976145
"860",61506,"15:05       ",2,1,-1,10,2,22,18,2861.33,2276.67,33,"traits     ",1,1043,6.95,16,1,30,1,23,"Selected",910.144434535431,148.973625976145
"861",61506,"15:05       ",2,1,-1,10,2,22,18,2861.33,2276.67,34,"traits     ",1,1217,7.1,17,1,30,1,23,"Selected",910.144434535431,148.973625976145
"862",61506,"15:05       ",2,1,-1,10,2,22,18,2861.33,2276.67,35,"traits     ",1,959,6.87,2,1,30,1,23,"Selected",910.144434535431,148.973625976145
"863",61506,"15:05       ",2,1,-1,10,2,22,18,2861.33,2276.67,36,"traits     ",1,816,6.7,9,1,30,1,23,"Selected",910.144434535431,148.973625976145
"864",61506,"15:05       ",2,1,-1,10,2,22,18,2861.33,2276.67,37,"traits     ",1,772,6.65,6,1,30,1,23,"Selected",910.144434535431,148.973625976145
"865",61506,"15:05       ",2,1,-1,10,2,22,18,2861.33,2276.67,39,"traits     ",1,607,6.41,1,1,30,1,23,"Selected",910.144434535431,148.973625976145
"195",60606,"15:17       ",2,1,-1,11,2,13,14,1889.33,1873.67,1,"traits     ",1,1385,7.23,40,-1,24,1,23,"Selected",1119.38394479853,130.986344855858
"196",60606,"15:17       ",2,1,-1,11,2,13,14,1889.33,1873.67,4,"traits     ",1,1078,6.98,21,-1,24,1,23,"Selected",1119.38394479853,130.986344855858
"197",60606,"15:17       ",2,1,-1,11,2,13,14,1889.33,1873.67,5,"traits     ",1,1276,7.15,29,-1,24,1,23,"Selected",1119.38394479853,130.986344855858
"198",60606,"15:17       ",2,1,-1,11,2,13,14,1889.33,1873.67,7,"traits     ",1,939,6.84,33,-1,24,1,23,"Selected",1119.38394479853,130.986344855858
"199",60606,"15:17       ",2,1,-1,11,2,13,14,1889.33,1873.67,8,"traits     ",1,1032,6.94,26,-1,24,1,23,"Selected",1119.38394479853,130.986344855858
"200",60606,"15:17       ",2,1,-1,11,2,13,14,1889.33,1873.67,9,"traits     ",1,942,6.85,23,-1,24,1,23,"Selected",1119.38394479853,130.986344855858
"201",60606,"15:17       ",2,1,-1,11,2,13,14,1889.33,1873.67,11,"traits     ",1,1414,7.25,38,-1,24,1,23,"Selected",1119.38394479853,130.986344855858
"202",60606,"15:17       ",2,1,-1,11,2,13,14,1889.33,1873.67,18,"traits     ",1,864,6.76,35,-1,24,1,23,"Selected",1119.38394479853,130.986344855858
"203",60606,"15:17       ",2,1,-1,11,2,13,14,1889.33,1873.67,19,"traits     ",1,791,6.67,24,-1,24,1,23,"Selected",1119.38394479853,130.986344855858
"204",60606,"15:17       ",2,1,-1,11,2,13,14,1889.33,1873.67,21,"traits     ",1,841,6.73,28,-1,24,1,23,"Selected",1119.38394479853,130.986344855858
"205",60606,"15:17       ",2,1,-1,11,2,13,14,1889.33,1873.67,23,"traits     ",1,1048,6.95,32,-1,24,1,23,"Selected",1119.38394479853,130.986344855858
"206",60606,"15:17       ",2,1,-1,11,2,13,14,1889.33,1873.67,25,"traits     ",1,1032,6.94,22,-1,24,1,23,"Selected",1119.38394479853,130.986344855858
"207",60606,"15:17       ",2,1,-1,11,2,13,14,1889.33,1873.67,31,"traits     ",1,803,6.69,27,-1,24,1,23,"Selected",1119.38394479853,130.986344855858
"208",60606,"15:17       ",2,1,-1,11,2,13,14,1889.33,1873.67,34,"traits     ",1,1319,7.18,34,-1,24,1,23,"Selected",1119.38394479853,130.986344855858
"209",60606,"15:17       ",2,1,-1,11,2,13,14,1889.33,1873.67,37,"traits     ",1,1257,7.14,31,-1,24,1,23,"Selected",1119.38394479853,130.986344855858
"870",60606,"15:17       ",2,1,-1,11,2,13,14,1889.33,1873.67,2,"traits     ",1,1014,6.92,2,1,24,1,23,"Selected",1254.7209007168,220.70464427375
"871",60606,"15:17       ",2,1,-1,11,2,13,14,1889.33,1873.67,3,"traits     ",1,786,6.67,4,1,24,1,23,"Selected",1254.7209007168,220.70464427375
"872",60606,"15:17       ",2,1,-1,11,2,13,14,1889.33,1873.67,6,"traits     ",1,1133,7.03,1,1,24,1,23,"Selected",1254.7209007168,220.70464427375
"873",60606,"15:17       ",2,1,-1,11,2,13,14,1889.33,1873.67,14,"traits     ",1,1946,7.57,10,1,24,1,23,"Selected",1254.7209007168,220.70464427375
"874",60606,"15:17       ",2,1,-1,11,2,13,14,1889.33,1873.67,29,"traits     ",1,941,6.85,16,1,24,1,23,"Selected",1254.7209007168,220.70464427375
"210",61506,"13:16       ",2,1,-1,12,2,19,18,2563.67,3120,8,"traits     ",1,1150,7.05,32,-1,24,2,21,"Selected",1306.11905113287,138.477098030652
"211",61506,"13:16       ",2,1,-1,12,2,19,18,2563.67,3120,9,"traits     ",1,966,6.87,27,-1,24,2,21,"Selected",1306.11905113287,138.477098030652
"212",61506,"13:16       ",2,1,-1,12,2,19,18,2563.67,3120,10,"traits     ",1,1044,6.95,25,-1,24,2,21,"Selected",1306.11905113287,138.477098030652
"213",61506,"13:16       ",2,1,-1,12,2,19,18,2563.67,3120,13,"traits     ",1,959,6.87,36,-1,24,2,21,"Selected",1306.11905113287,138.477098030652
"214",61506,"13:16       ",2,1,-1,12,2,19,18,2563.67,3120,20,"traits     ",1,4002,8.29,26,-1,24,2,21,"Selected",1306.11905113287,138.477098030652
"215",61506,"13:16       ",2,1,-1,12,2,19,18,2563.67,3120,22,"traits     ",1,1321,7.19,22,-1,24,2,21,"Selected",1306.11905113287,138.477098030652
"216",61506,"13:16       ",2,1,-1,12,2,19,18,2563.67,3120,34,"traits     ",1,1077,6.98,33,-1,24,2,21,"Selected",1306.11905113287,138.477098030652
"217",61506,"13:16       ",2,1,-1,12,2,19,18,2563.67,3120,35,"traits     ",1,989,6.9,35,-1,24,2,21,"Selected",1306.11905113287,138.477098030652
"218",61506,"13:16       ",2,1,-1,12,2,19,18,2563.67,3120,40,"traits     ",1,1447,7.28,40,-1,24,2,21,"Selected",1306.11905113287,138.477098030652
"879",61506,"13:16       ",2,1,-1,12,2,19,18,2563.67,3120,1,"traits     ",1,1059,6.97,12,1,24,2,21,"Selected",1547.17371589837,190.40322042776
"880",61506,"13:16       ",2,1,-1,12,2,19,18,2563.67,3120,3,"traits     ",1,1082,6.99,1,1,24,2,21,"Selected",1547.17371589837,190.40322042776
"881",61506,"13:16       ",2,1,-1,12,2,19,18,2563.67,3120,4,"traits     ",1,844,6.74,7,1,24,2,21,"Selected",1547.17371589837,190.40322042776
"882",61506,"13:16       ",2,1,-1,12,2,19,18,2563.67,3120,5,"traits     ",1,1404,7.25,4,1,24,2,21,"Selected",1547.17371589837,190.40322042776
"883",61506,"13:16       ",2,1,-1,12,2,19,18,2563.67,3120,12,"traits     ",1,2190,7.69,16,1,24,2,21,"Selected",1547.17371589837,190.40322042776
"884",61506,"13:16       ",2,1,-1,12,2,19,18,2563.67,3120,16,"traits     ",1,1063,6.97,6,1,24,2,21,"Selected",1547.17371589837,190.40322042776
"885",61506,"13:16       ",2,1,-1,12,2,19,18,2563.67,3120,24,"traits     ",1,1516,7.32,8,1,24,2,21,"Selected",1547.17371589837,190.40322042776
"886",61506,"13:16       ",2,1,-1,12,2,19,18,2563.67,3120,26,"traits     ",1,2254,7.72,14,1,24,2,21,"Selected",1547.17371589837,190.40322042776
"887",61506,"13:16       ",2,1,-1,12,2,19,18,2563.67,3120,33,"traits     ",1,2753,7.92,2,1,24,2,21,"Selected",1547.17371589837,190.40322042776
"219",60806,"11:37       ",2,1,-1,13,2,20,19,1717.67,2535.17,9,"traits     ",1,832,6.72,33,-1,36,2,22,"Selected",875.305531054741,154.16358042083
"220",60806,"11:37       ",2,1,-1,13,2,20,19,1717.67,2535.17,19,"traits     ",1,1150,7.05,37,-1,36,2,22,"Selected",875.305531054741,154.16358042083
"221",60806,"11:37       ",2,1,-1,13,2,20,19,1717.67,2535.17,21,"traits     ",1,893,6.79,31,-1,36,2,22,"Selected",875.305531054741,154.16358042083
"893",60806,"11:37       ",2,1,-1,13,2,20,19,1717.67,2535.17,2,"traits     ",1,1085,6.99,11,1,36,2,22,"Selected",751.328522686598,152.982136980739
"894",60806,"11:37       ",2,1,-1,13,2,20,19,1717.67,2535.17,3,"traits     ",1,535,6.28,12,1,36,2,22,"Selected",751.328522686598,152.982136980739
"895",60806,"11:37       ",2,1,-1,13,2,20,19,1717.67,2535.17,5,"traits     ",1,540,6.29,19,1,36,2,22,"Selected",751.328522686598,152.982136980739
"896",60806,"11:37       ",2,1,-1,13,2,20,19,1717.67,2535.17,6,"traits     ",1,817,6.71,9,1,36,2,22,"Selected",751.328522686598,152.982136980739
"897",60806,"11:37       ",2,1,-1,13,2,20,19,1717.67,2535.17,10,"traits     ",1,727,6.59,20,1,36,2,22,"Selected",751.328522686598,152.982136980739
"898",60806,"11:37       ",2,1,-1,13,2,20,19,1717.67,2535.17,14,"traits     ",1,564,6.34,1,1,36,2,22,"Selected",751.328522686598,152.982136980739
"899",60806,"11:37       ",2,1,-1,13,2,20,19,1717.67,2535.17,15,"traits     ",1,681,6.52,3,1,36,2,22,"Selected",751.328522686598,152.982136980739
"900",60806,"11:37       ",2,1,-1,13,2,20,19,1717.67,2535.17,16,"traits     ",1,526,6.27,13,1,36,2,22,"Selected",751.328522686598,152.982136980739
"901",60806,"11:37       ",2,1,-1,13,2,20,19,1717.67,2535.17,17,"traits     ",1,890,6.79,16,1,36,2,22,"Selected",751.328522686598,152.982136980739
"902",60806,"11:37       ",2,1,-1,13,2,20,19,1717.67,2535.17,18,"traits     ",1,577,6.36,17,1,36,2,22,"Selected",751.328522686598,152.982136980739
"903",60806,"11:37       ",2,1,-1,13,2,20,19,1717.67,2535.17,22,"traits     ",1,662,6.5,15,1,36,2,22,"Selected",751.328522686598,152.982136980739
"904",60806,"11:37       ",2,1,-1,13,2,20,19,1717.67,2535.17,24,"traits     ",1,683,6.53,8,1,36,2,22,"Selected",751.328522686598,152.982136980739
"905",60806,"11:37       ",2,1,-1,13,2,20,19,1717.67,2535.17,29,"traits     ",1,828,6.72,6,1,36,2,22,"Selected",751.328522686598,152.982136980739
"906",60806,"11:37       ",2,1,-1,13,2,20,19,1717.67,2535.17,32,"traits     ",1,626,6.44,7,1,36,2,22,"Selected",751.328522686598,152.982136980739
"907",60806,"11:37       ",2,1,-1,13,2,20,19,1717.67,2535.17,33,"traits     ",1,577,6.36,18,1,36,2,22,"Selected",751.328522686598,152.982136980739
"908",60806,"11:37       ",2,1,-1,13,2,20,19,1717.67,2535.17,37,"traits     ",1,611,6.42,2,1,36,2,22,"Selected",751.328522686598,152.982136980739
"909",60806,"11:37       ",2,1,-1,13,2,20,19,1717.67,2535.17,39,"traits     ",1,757,6.63,14,1,36,2,22,"Selected",751.328522686598,152.982136980739
"294",60806,"15:12       ",2,1,1,16,2,13,14,2564,2608.5,11,"traits     ",1,755,6.63,37,-1,25,2,21,"Selected",1620.20780411034,134.492240041415
"295",60806,"15:12       ",2,1,1,16,2,13,14,2564,2608.5,18,"traits     ",1,2918,7.98,29,-1,25,2,21,"Selected",1620.20780411034,134.492240041415
"296",60806,"15:12       ",2,1,1,16,2,13,14,2564,2608.5,20,"traits     ",1,2806,7.94,23,-1,25,2,21,"Selected",1620.20780411034,134.492240041415
"297",60806,"15:12       ",2,1,1,16,2,13,14,2564,2608.5,23,"traits     ",1,704,6.56,25,-1,25,2,21,"Selected",1620.20780411034,134.492240041415
"298",60806,"15:12       ",2,1,1,16,2,13,14,2564,2608.5,25,"traits     ",1,1059,6.97,39,-1,25,2,21,"Selected",1620.20780411034,134.492240041415
"299",60806,"15:12       ",2,1,1,16,2,13,14,2564,2608.5,26,"traits     ",1,843,6.74,26,-1,25,2,21,"Selected",1620.20780411034,134.492240041415
"300",60806,"15:12       ",2,1,1,16,2,13,14,2564,2608.5,27,"traits     ",1,671,6.51,34,-1,25,2,21,"Selected",1620.20780411034,134.492240041415
"301",60806,"15:12       ",2,1,1,16,2,13,14,2564,2608.5,28,"traits     ",1,1030,6.94,36,-1,25,2,21,"Selected",1620.20780411034,134.492240041415
"302",60806,"15:12       ",2,1,1,16,2,13,14,2564,2608.5,32,"traits     ",1,2248,7.72,35,-1,25,2,21,"Selected",1620.20780411034,134.492240041415
"303",60806,"15:12       ",2,1,1,16,2,13,14,2564,2608.5,33,"traits     ",1,1319,7.18,28,-1,25,2,21,"Selected",1620.20780411034,134.492240041415
"304",60806,"15:12       ",2,1,1,16,2,13,14,2564,2608.5,34,"traits     ",1,3815,8.25,33,-1,25,2,21,"Selected",1620.20780411034,134.492240041415
"305",60806,"15:12       ",2,1,1,16,2,13,14,2564,2608.5,37,"traits     ",1,1184,7.08,27,-1,25,2,21,"Selected",1620.20780411034,134.492240041415
"306",60806,"15:12       ",2,1,1,16,2,13,14,2564,2608.5,38,"traits     ",1,745,6.61,31,-1,25,2,21,"Selected",1620.20780411034,134.492240041415
"307",60806,"15:12       ",2,1,1,16,2,13,14,2564,2608.5,40,"traits     ",1,1690,7.43,30,-1,25,2,21,"Selected",1620.20780411034,134.492240041415
"1090",60806,"15:12       ",2,1,1,16,2,13,14,2564,2608.5,2,"traits     ",1,3449,8.15,3,1,25,2,21,"Selected",1329.54878194505,185.115975362925
"1091",60806,"15:12       ",2,1,1,16,2,13,14,2564,2608.5,6,"traits     ",1,878,6.78,20,1,25,2,21,"Selected",1329.54878194505,185.115975362925
"1092",60806,"15:12       ",2,1,1,16,2,13,14,2564,2608.5,10,"traits     ",1,798,6.68,15,1,25,2,21,"Selected",1329.54878194505,185.115975362925
"1093",60806,"15:12       ",2,1,1,16,2,13,14,2564,2608.5,15,"traits     ",1,1787,7.49,2,1,25,2,21,"Selected",1329.54878194505,185.115975362925
"1094",60806,"15:12       ",2,1,1,16,2,13,14,2564,2608.5,17,"traits     ",1,735,6.6,14,1,25,2,21,"Selected",1329.54878194505,185.115975362925
"1095",60806,"15:12       ",2,1,1,16,2,13,14,2564,2608.5,19,"traits     ",1,836,6.73,1,1,25,2,21,"Selected",1329.54878194505,185.115975362925
"1096",60806,"15:12       ",2,1,1,16,2,13,14,2564,2608.5,21,"traits     ",1,2584,7.86,17,1,25,2,21,"Selected",1329.54878194505,185.115975362925
"1097",60806,"15:12       ",2,1,1,16,2,13,14,2564,2608.5,29,"traits     ",1,1088,6.99,18,1,25,2,21,"Selected",1329.54878194505,185.115975362925
"1098",60806,"15:12       ",2,1,1,16,2,13,14,2564,2608.5,36,"traits     ",1,726,6.59,19,1,25,2,21,"Selected",1329.54878194505,185.115975362925
"1099",60806,"15:12       ",2,1,1,16,2,13,14,2564,2608.5,39,"traits     ",1,1176,7.07,16,1,25,2,21,"Selected",1329.54878194505,185.115975362925
"222",60806,"17:08       ",2,1,-1,17,2,17,16,2419.83,2991.67,3,"traits     ",1,1558,7.35,29,-1,23,1,22,"Selected",1076.7544150493,136.918110140187
"223",60806,"17:08       ",2,1,-1,17,2,17,16,2419.83,2991.67,4,"traits     ",1,1098,7,35,-1,23,1,22,"Selected",1076.7544150493,136.918110140187
"224",60806,"17:08       ",2,1,-1,17,2,17,16,2419.83,2991.67,5,"traits     ",1,727,6.59,31,-1,23,1,22,"Selected",1076.7544150493,136.918110140187
"225",60806,"17:08       ",2,1,-1,17,2,17,16,2419.83,2991.67,9,"traits     ",1,854,6.75,27,-1,23,1,22,"Selected",1076.7544150493,136.918110140187
"226",60806,"17:08       ",2,1,-1,17,2,17,16,2419.83,2991.67,14,"traits     ",1,888,6.79,38,-1,23,1,22,"Selected",1076.7544150493,136.918110140187
"227",60806,"17:08       ",2,1,-1,17,2,17,16,2419.83,2991.67,17,"traits     ",1,834,6.73,22,-1,23,1,22,"Selected",1076.7544150493,136.918110140187
"228",60806,"17:08       ",2,1,-1,17,2,17,16,2419.83,2991.67,21,"traits     ",1,1457,7.28,40,-1,23,1,22,"Selected",1076.7544150493,136.918110140187
"229",60806,"17:08       ",2,1,-1,17,2,17,16,2419.83,2991.67,22,"traits     ",1,1040,6.95,36,-1,23,1,22,"Selected",1076.7544150493,136.918110140187
"230",60806,"17:08       ",2,1,-1,17,2,17,16,2419.83,2991.67,24,"traits     ",1,1072,6.98,37,-1,23,1,22,"Selected",1076.7544150493,136.918110140187
"231",60806,"17:08       ",2,1,-1,17,2,17,16,2419.83,2991.67,27,"traits     ",1,927,6.83,30,-1,23,1,22,"Selected",1076.7544150493,136.918110140187
"232",60806,"17:08       ",2,1,-1,17,2,17,16,2419.83,2991.67,29,"traits     ",1,1176,7.07,25,-1,23,1,22,"Selected",1076.7544150493,136.918110140187
"233",60806,"17:08       ",2,1,-1,17,2,17,16,2419.83,2991.67,32,"traits     ",1,1016,6.92,33,-1,23,1,22,"Selected",1076.7544150493,136.918110140187
"234",60806,"17:08       ",2,1,-1,17,2,17,16,2419.83,2991.67,34,"traits     ",1,697,6.55,26,-1,23,1,22,"Selected",1076.7544150493,136.918110140187
"915",60806,"17:08       ",2,1,-1,17,2,17,16,2419.83,2991.67,19,"traits     ",1,751,6.62,7,1,23,1,22,"Selected",1166.8225475207,225.302112886131
"916",60806,"17:08       ",2,1,-1,17,2,17,16,2419.83,2991.67,23,"traits     ",1,1218,7.1,1,1,23,1,22,"Selected",1166.8225475207,225.302112886131
"917",60806,"17:08       ",2,1,-1,17,2,17,16,2419.83,2991.67,28,"traits     ",1,1310,7.18,2,1,23,1,22,"Selected",1166.8225475207,225.302112886131
"918",60806,"17:08       ",2,1,-1,17,2,17,16,2419.83,2991.67,35,"traits     ",1,1391,7.24,19,1,23,1,22,"Selected",1166.8225475207,225.302112886131
"919",60806,"17:08       ",2,1,-1,17,2,17,16,2419.83,2991.67,37,"traits     ",1,870,6.77,6,1,23,1,22,"Selected",1166.8225475207,225.302112886131
"235",60806,"17:13       ",2,1,-1,18,2,11,11,1444.17,1582.33,2,"traits     ",1,928,6.83,26,-1,21,1,23,"Selected",1852.7088563083,142.70427727483
"236",60806,"17:13       ",2,1,-1,18,2,11,11,1444.17,1582.33,5,"traits     ",1,1117,7.02,31,-1,21,1,23,"Selected",1852.7088563083,142.70427727483
"237",60806,"17:13       ",2,1,-1,18,2,11,11,1444.17,1582.33,6,"traits     ",1,991,6.9,39,-1,21,1,23,"Selected",1852.7088563083,142.70427727483
"238",60806,"17:13       ",2,1,-1,18,2,11,11,1444.17,1582.33,7,"traits     ",1,1486,7.3,34,-1,21,1,23,"Selected",1852.7088563083,142.70427727483
"239",60806,"17:13       ",2,1,-1,18,2,11,11,1444.17,1582.33,10,"traits     ",1,1102,7,25,-1,21,1,23,"Selected",1852.7088563083,142.70427727483
"240",60806,"17:13       ",2,1,-1,18,2,11,11,1444.17,1582.33,23,"traits     ",1,2429,7.8,27,-1,21,1,23,"Selected",1852.7088563083,142.70427727483
"241",60806,"17:13       ",2,1,-1,18,2,11,11,1444.17,1582.33,33,"traits     ",1,1685,7.43,38,-1,21,1,23,"Selected",1852.7088563083,142.70427727483
"242",60806,"17:13       ",2,1,-1,18,2,11,11,1444.17,1582.33,34,"traits     ",1,3397,8.13,29,-1,21,1,23,"Selected",1852.7088563083,142.70427727483
"925",60806,"17:13       ",2,1,-1,18,2,11,11,1444.17,1582.33,1,"traits     ",1,1950,7.58,19,1,21,1,23,"Selected",2245.45039268232,204.746585176104
"926",60806,"17:13       ",2,1,-1,18,2,11,11,1444.17,1582.33,9,"traits     ",1,2030,7.62,9,1,21,1,23,"Selected",2245.45039268232,204.746585176104
"927",60806,"17:13       ",2,1,-1,18,2,11,11,1444.17,1582.33,13,"traits     ",1,995,6.9,20,1,21,1,23,"Selected",2245.45039268232,204.746585176104
"928",60806,"17:13       ",2,1,-1,18,2,11,11,1444.17,1582.33,22,"traits     ",1,1201,7.09,15,1,21,1,23,"Selected",2245.45039268232,204.746585176104
"930",60806,"17:13       ",2,1,-1,18,2,11,11,1444.17,1582.33,31,"traits     ",1,4096,8.32,1,1,21,1,23,"Selected",2245.45039268232,204.746585176104
"931",60806,"17:13       ",2,1,-1,18,2,11,11,1444.17,1582.33,35,"traits     ",1,1730,7.46,16,1,21,1,23,"Selected",2245.45039268232,204.746585176104
"308",60806,"17:13       ",2,1,1,19,2,8,13,1521.17,1637.33,2,"traits     ",1,4351,8.38,22,-1,22,1,22,"Selected",1510.64817977123,135.669138183328
"309",60806,"17:13       ",2,1,1,19,2,8,13,1521.17,1637.33,5,"traits     ",1,696,6.55,25,-1,22,1,22,"Selected",1510.64817977123,135.669138183328
"310",60806,"17:13       ",2,1,1,19,2,8,13,1521.17,1637.33,6,"traits     ",1,1045,6.95,23,-1,22,1,22,"Selected",1510.64817977123,135.669138183328
"311",60806,"17:13       ",2,1,1,19,2,8,13,1521.17,1637.33,13,"traits     ",1,4276,8.36,37,-1,22,1,22,"Selected",1510.64817977123,135.669138183328
"312",60806,"17:13       ",2,1,1,19,2,8,13,1521.17,1637.33,14,"traits     ",1,1551,7.35,40,-1,22,1,22,"Selected",1510.64817977123,135.669138183328
"313",60806,"17:13       ",2,1,1,19,2,8,13,1521.17,1637.33,17,"traits     ",1,908,6.81,33,-1,22,1,22,"Selected",1510.64817977123,135.669138183328
"314",60806,"17:13       ",2,1,1,19,2,8,13,1521.17,1637.33,22,"traits     ",1,1142,7.04,36,-1,22,1,22,"Selected",1510.64817977123,135.669138183328
"315",60806,"17:13       ",2,1,1,19,2,8,13,1521.17,1637.33,25,"traits     ",1,1347,7.21,35,-1,22,1,22,"Selected",1510.64817977123,135.669138183328
"316",60806,"17:13       ",2,1,1,19,2,8,13,1521.17,1637.33,26,"traits     ",1,1309,7.18,27,-1,22,1,22,"Selected",1510.64817977123,135.669138183328
"317",60806,"17:13       ",2,1,1,19,2,8,13,1521.17,1637.33,33,"traits     ",1,1043,6.95,31,-1,22,1,22,"Selected",1510.64817977123,135.669138183328
"318",60806,"17:13       ",2,1,1,19,2,8,13,1521.17,1637.33,34,"traits     ",1,1397,7.24,21,-1,22,1,22,"Selected",1510.64817977123,135.669138183328
"319",60806,"17:13       ",2,1,1,19,2,8,13,1521.17,1637.33,36,"traits     ",1,770,6.65,28,-1,22,1,22,"Selected",1510.64817977123,135.669138183328
"320",60806,"17:13       ",2,1,1,19,2,8,13,1521.17,1637.33,39,"traits     ",1,1835,7.51,24,-1,22,1,22,"Selected",1510.64817977123,135.669138183328
"1106",60806,"17:13       ",2,1,1,19,2,8,13,1521.17,1637.33,1,"traits     ",1,645,6.47,4,1,22,1,22,"Selected",1379.22756698697,179.088282794439
"1107",60806,"17:13       ",2,1,1,19,2,8,13,1521.17,1637.33,4,"traits     ",1,3538,8.17,18,1,22,1,22,"Selected",1379.22756698697,179.088282794439
"1108",60806,"17:13       ",2,1,1,19,2,8,13,1521.17,1637.33,8,"traits     ",1,2132,7.66,14,1,22,1,22,"Selected",1379.22756698697,179.088282794439
"1109",60806,"17:13       ",2,1,1,19,2,8,13,1521.17,1637.33,9,"traits     ",1,1218,7.1,19,1,22,1,22,"Selected",1379.22756698697,179.088282794439
"1110",60806,"17:13       ",2,1,1,19,2,8,13,1521.17,1637.33,11,"traits     ",1,1118,7.02,16,1,22,1,22,"Selected",1379.22756698697,179.088282794439
"1111",60806,"17:13       ",2,1,1,19,2,8,13,1521.17,1637.33,12,"traits     ",1,1180,7.07,5,1,22,1,22,"Selected",1379.22756698697,179.088282794439
"1112",60806,"17:13       ",2,1,1,19,2,8,13,1521.17,1637.33,18,"traits     ",1,1389,7.24,17,1,22,1,22,"Selected",1379.22756698697,179.088282794439
"1113",60806,"17:13       ",2,1,1,19,2,8,13,1521.17,1637.33,20,"traits     ",1,1134,7.03,15,1,22,1,22,"Selected",1379.22756698697,179.088282794439
"1114",60806,"17:13       ",2,1,1,19,2,8,13,1521.17,1637.33,24,"traits     ",1,1247,7.13,12,1,22,1,22,"Selected",1379.22756698697,179.088282794439
"1115",60806,"17:13       ",2,1,1,19,2,8,13,1521.17,1637.33,27,"traits     ",1,1056,6.96,2,1,22,1,22,"Selected",1379.22756698697,179.088282794439
"1116",60806,"17:13       ",2,1,1,19,2,8,13,1521.17,1637.33,29,"traits     ",1,810,6.7,6,1,22,1,22,"Selected",1379.22756698697,179.088282794439
"321",61306,"12:18       ",2,1,1,20,2,22,23,2684.67,2541.5,6,"traits     ",1,1253,7.13,39,-1,37,1,22,"Selected",2108.43956483336,162.862069972778
"322",61306,"12:18       ",2,1,1,20,2,22,23,2684.67,2541.5,28,"traits     ",1,4095,8.32,27,-1,37,1,22,"Selected",2108.43956483336,162.862069972778
"323",61306,"12:18       ",2,1,1,20,2,22,23,2684.67,2541.5,30,"traits     ",1,4329,8.37,30,-1,37,1,22,"Selected",2108.43956483336,162.862069972778
"324",61306,"12:18       ",2,1,1,20,2,22,23,2684.67,2541.5,35,"traits     ",1,1318,7.18,33,-1,37,1,22,"Selected",2108.43956483336,162.862069972778
"1121",61306,"12:18       ",2,1,1,20,2,22,23,2684.67,2541.5,1,"traits     ",1,1583,7.37,2,1,37,1,22,"Selected",1320.70236595025,154.018904208109
"1122",61306,"12:18       ",2,1,1,20,2,22,23,2684.67,2541.5,3,"traits     ",1,2358,7.77,5,1,37,1,22,"Selected",1320.70236595025,154.018904208109
"1123",61306,"12:18       ",2,1,1,20,2,22,23,2684.67,2541.5,4,"traits     ",1,1695,7.44,14,1,37,1,22,"Selected",1320.70236595025,154.018904208109
"1124",61306,"12:18       ",2,1,1,20,2,22,23,2684.67,2541.5,8,"traits     ",1,1933,7.57,12,1,37,1,22,"Selected",1320.70236595025,154.018904208109
"1125",61306,"12:18       ",2,1,1,20,2,22,23,2684.67,2541.5,9,"traits     ",1,1041,6.95,9,1,37,1,22,"Selected",1320.70236595025,154.018904208109
"1126",61306,"12:18       ",2,1,1,20,2,22,23,2684.67,2541.5,10,"traits     ",1,1241,7.12,10,1,37,1,22,"Selected",1320.70236595025,154.018904208109
"1127",61306,"12:18       ",2,1,1,20,2,22,23,2684.67,2541.5,11,"traits     ",1,792,6.67,11,1,37,1,22,"Selected",1320.70236595025,154.018904208109
"1128",61306,"12:18       ",2,1,1,20,2,22,23,2684.67,2541.5,12,"traits     ",1,608,6.41,18,1,37,1,22,"Selected",1320.70236595025,154.018904208109
"1129",61306,"12:18       ",2,1,1,20,2,22,23,2684.67,2541.5,20,"traits     ",1,1098,7,16,1,37,1,22,"Selected",1320.70236595025,154.018904208109
"1130",61306,"12:18       ",2,1,1,20,2,22,23,2684.67,2541.5,21,"traits     ",1,767,6.64,3,1,37,1,22,"Selected",1320.70236595025,154.018904208109
"1131",61306,"12:18       ",2,1,1,20,2,22,23,2684.67,2541.5,23,"traits     ",1,743,6.61,13,1,37,1,22,"Selected",1320.70236595025,154.018904208109
"1132",61306,"12:18       ",2,1,1,20,2,22,23,2684.67,2541.5,29,"traits     ",1,677,6.52,7,1,37,1,22,"Selected",1320.70236595025,154.018904208109
"1133",61306,"12:18       ",2,1,1,20,2,22,23,2684.67,2541.5,31,"traits     ",1,897,6.8,8,1,37,1,22,"Selected",1320.70236595025,154.018904208109
"1134",61306,"12:18       ",2,1,1,20,2,22,23,2684.67,2541.5,32,"traits     ",1,794,6.68,6,1,37,1,22,"Selected",1320.70236595025,154.018904208109
"1135",61306,"12:18       ",2,1,1,20,2,22,23,2684.67,2541.5,33,"traits     ",1,946,6.85,17,1,37,1,22,"Selected",1320.70236595025,154.018904208109
"1136",61306,"12:18       ",2,1,1,20,2,22,23,2684.67,2541.5,37,"traits     ",1,1301,7.17,19,1,37,1,22,"Selected",1320.70236595025,154.018904208109
"1137",61306,"12:18       ",2,1,1,20,2,22,23,2684.67,2541.5,40,"traits     ",1,783,6.66,1,1,37,1,22,"Selected",1320.70236595025,154.018904208109
"325",61306,"12:23       ",2,1,1,21,2,18,15,1523.33,2340.83,3,"traits     ",1,1293,7.16,34,-1,30,1,23,"Selected",1531.83679327291,170.751513942712
"326",61306,"12:23       ",2,1,1,21,2,18,15,1523.33,2340.83,4,"traits     ",1,1496,7.31,25,-1,30,1,23,"Selected",1531.83679327291,170.751513942712
"327",61306,"12:23       ",2,1,1,21,2,18,15,1523.33,2340.83,5,"traits     ",1,3883,8.26,36,-1,30,1,23,"Selected",1531.83679327291,170.751513942712
"1142",61306,"12:23       ",2,1,1,21,2,18,15,1523.33,2340.83,1,"traits     ",1,852,6.75,16,1,30,1,23,"Selected",1071.59992140064,147.618099419408
"1143",61306,"12:23       ",2,1,1,21,2,18,15,1523.33,2340.83,7,"traits     ",1,911,6.81,11,1,30,1,23,"Selected",1071.59992140064,147.618099419408
"1144",61306,"12:23       ",2,1,1,21,2,18,15,1523.33,2340.83,9,"traits     ",1,1728,7.45,4,1,30,1,23,"Selected",1071.59992140064,147.618099419408
"1145",61306,"12:23       ",2,1,1,21,2,18,15,1523.33,2340.83,10,"traits     ",1,781,6.66,9,1,30,1,23,"Selected",1071.59992140064,147.618099419408
"1146",61306,"12:23       ",2,1,1,21,2,18,15,1523.33,2340.83,11,"traits     ",1,815,6.7,20,1,30,1,23,"Selected",1071.59992140064,147.618099419408
"1147",61306,"12:23       ",2,1,1,21,2,18,15,1523.33,2340.83,12,"traits     ",1,718,6.58,2,1,30,1,23,"Selected",1071.59992140064,147.618099419408
"1148",61306,"12:23       ",2,1,1,21,2,18,15,1523.33,2340.83,13,"traits     ",1,2019,7.61,10,1,30,1,23,"Selected",1071.59992140064,147.618099419408
"1149",61306,"12:23       ",2,1,1,21,2,18,15,1523.33,2340.83,17,"traits     ",1,901,6.8,1,1,30,1,23,"Selected",1071.59992140064,147.618099419408
"1150",61306,"12:23       ",2,1,1,21,2,18,15,1523.33,2340.83,19,"traits     ",1,2126,7.66,5,1,30,1,23,"Selected",1071.59992140064,147.618099419408
"1151",61306,"12:23       ",2,1,1,21,2,18,15,1523.33,2340.83,20,"traits     ",1,822,6.71,3,1,30,1,23,"Selected",1071.59992140064,147.618099419408
"1152",61306,"12:23       ",2,1,1,21,2,18,15,1523.33,2340.83,21,"traits     ",1,1086,6.99,19,1,30,1,23,"Selected",1071.59992140064,147.618099419408
"1153",61306,"12:23       ",2,1,1,21,2,18,15,1523.33,2340.83,22,"traits     ",1,897,6.8,12,1,30,1,23,"Selected",1071.59992140064,147.618099419408
"1154",61306,"12:23       ",2,1,1,21,2,18,15,1523.33,2340.83,23,"traits     ",1,690,6.54,18,1,30,1,23,"Selected",1071.59992140064,147.618099419408
"1155",61306,"12:23       ",2,1,1,21,2,18,15,1523.33,2340.83,28,"traits     ",1,769,6.65,8,1,30,1,23,"Selected",1071.59992140064,147.618099419408
"1156",61306,"12:23       ",2,1,1,21,2,18,15,1523.33,2340.83,31,"traits     ",1,997,6.9,7,1,30,1,23,"Selected",1071.59992140064,147.618099419408
"1157",61306,"12:23       ",2,1,1,21,2,18,15,1523.33,2340.83,34,"traits     ",1,1747,7.47,14,1,30,1,23,"Selected",1071.59992140064,147.618099419408
"1158",61306,"12:23       ",2,1,1,21,2,18,15,1523.33,2340.83,35,"traits     ",1,740,6.61,17,1,30,1,23,"Selected",1071.59992140064,147.618099419408
"1159",61306,"12:23       ",2,1,1,21,2,18,15,1523.33,2340.83,36,"traits     ",1,788,6.67,15,1,30,1,23,"Selected",1071.59992140064,147.618099419408
"1160",61306,"12:23       ",2,1,1,21,2,18,15,1523.33,2340.83,37,"traits     ",1,716,6.57,13,1,30,1,23,"Selected",1071.59992140064,147.618099419408
"243",61306,"11:07       ",2,1,-1,24,2,19,20,2172,2253.33,3,"traits     ",1,1070,6.98,21,-1,35,2,22,"Selected",1000.72630549231,131.91020535402
"244",61306,"11:07       ",2,1,-1,24,2,19,20,2172,2253.33,9,"traits     ",1,942,6.85,37,-1,35,2,22,"Selected",1000.72630549231,131.91020535402
"245",61306,"11:07       ",2,1,-1,24,2,19,20,2172,2253.33,15,"traits     ",1,978,6.89,27,-1,35,2,22,"Selected",1000.72630549231,131.91020535402
"246",61306,"11:07       ",2,1,-1,24,2,19,20,2172,2253.33,20,"traits     ",1,1386,7.23,29,-1,35,2,22,"Selected",1000.72630549231,131.91020535402
"247",61306,"11:07       ",2,1,-1,24,2,19,20,2172,2253.33,23,"traits     ",1,1455,7.28,30,-1,35,2,22,"Selected",1000.72630549231,131.91020535402
"248",61306,"11:07       ",2,1,-1,24,2,19,20,2172,2253.33,29,"traits     ",1,993,6.9,34,-1,35,2,22,"Selected",1000.72630549231,131.91020535402
"249",61306,"11:07       ",2,1,-1,24,2,19,20,2172,2253.33,30,"traits     ",1,1037,6.94,28,-1,35,2,22,"Selected",1000.72630549231,131.91020535402
"250",61306,"11:07       ",2,1,-1,24,2,19,20,2172,2253.33,33,"traits     ",1,999,6.91,36,-1,35,2,22,"Selected",1000.72630549231,131.91020535402
"937",61306,"11:07       ",2,1,-1,24,2,19,20,2172,2253.33,1,"traits     ",1,726,6.59,1,1,35,2,22,"Selected",901.260249003997,147.121665683101
"938",61306,"11:07       ",2,1,-1,24,2,19,20,2172,2253.33,4,"traits     ",1,675,6.51,13,1,35,2,22,"Selected",901.260249003997,147.121665683101
"939",61306,"11:07       ",2,1,-1,24,2,19,20,2172,2253.33,6,"traits     ",1,729,6.59,3,1,35,2,22,"Selected",901.260249003997,147.121665683101
"940",61306,"11:07       ",2,1,-1,24,2,19,20,2172,2253.33,8,"traits     ",1,700,6.55,2,1,35,2,22,"Selected",901.260249003997,147.121665683101
"941",61306,"11:07       ",2,1,-1,24,2,19,20,2172,2253.33,10,"traits     ",1,1338,7.2,9,1,35,2,22,"Selected",901.260249003997,147.121665683101
"942",61306,"11:07       ",2,1,-1,24,2,19,20,2172,2253.33,11,"traits     ",1,834,6.73,12,1,35,2,22,"Selected",901.260249003997,147.121665683101
"943",61306,"11:07       ",2,1,-1,24,2,19,20,2172,2253.33,12,"traits     ",1,774,6.65,20,1,35,2,22,"Selected",901.260249003997,147.121665683101
"944",61306,"11:07       ",2,1,-1,24,2,19,20,2172,2253.33,18,"traits     ",1,769,6.65,14,1,35,2,22,"Selected",901.260249003997,147.121665683101
"945",61306,"11:07       ",2,1,-1,24,2,19,20,2172,2253.33,19,"traits     ",1,824,6.71,8,1,35,2,22,"Selected",901.260249003997,147.121665683101
"946",61306,"11:07       ",2,1,-1,24,2,19,20,2172,2253.33,21,"traits     ",1,800,6.68,4,1,35,2,22,"Selected",901.260249003997,147.121665683101
"947",61306,"11:07       ",2,1,-1,24,2,19,20,2172,2253.33,22,"traits     ",1,888,6.79,16,1,35,2,22,"Selected",901.260249003997,147.121665683101
"948",61306,"11:07       ",2,1,-1,24,2,19,20,2172,2253.33,24,"traits     ",1,730,6.59,7,1,35,2,22,"Selected",901.260249003997,147.121665683101
"949",61306,"11:07       ",2,1,-1,24,2,19,20,2172,2253.33,27,"traits     ",1,897,6.8,6,1,35,2,22,"Selected",901.260249003997,147.121665683101
"950",61306,"11:07       ",2,1,-1,24,2,19,20,2172,2253.33,28,"traits     ",1,1099,7,19,1,35,2,22,"Selected",901.260249003997,147.121665683101
"951",61306,"11:07       ",2,1,-1,24,2,19,20,2172,2253.33,35,"traits     ",1,980,6.89,15,1,35,2,22,"Selected",901.260249003997,147.121665683101
"952",61306,"11:07       ",2,1,-1,24,2,19,20,2172,2253.33,37,"traits     ",1,679,6.52,18,1,35,2,22,"Selected",901.260249003997,147.121665683101
"953",61306,"11:07       ",2,1,-1,24,2,19,20,2172,2253.33,39,"traits     ",1,754,6.63,11,1,35,2,22,"Selected",901.260249003997,147.121665683101
"954",61306,"11:07       ",2,1,-1,24,2,19,20,2172,2253.33,40,"traits     ",1,761,6.63,10,1,35,2,22,"Selected",901.260249003997,147.121665683101
"328",61306,"11:12       ",2,1,1,25,2,21,18,1227.83,1542.5,4,"traits     ",1,1067,6.97,32,-1,30,1,23,"Selected",1323.75349523393,216.157925838797
"1167",61306,"11:12       ",2,1,1,25,2,21,18,1227.83,1542.5,1,"traits     ",1,687,6.53,15,1,30,1,23,"Selected",867.980965737696,194.23051669639
"1168",61306,"11:12       ",2,1,1,25,2,21,18,1227.83,1542.5,2,"traits     ",1,583,6.37,20,1,30,1,23,"Selected",867.980965737696,194.23051669639
"1169",61306,"11:12       ",2,1,1,25,2,21,18,1227.83,1542.5,12,"traits     ",1,767,6.64,2,1,30,1,23,"Selected",867.980965737696,194.23051669639
"1170",61306,"11:12       ",2,1,1,25,2,21,18,1227.83,1542.5,15,"traits     ",1,812,6.7,19,1,30,1,23,"Selected",867.980965737696,194.23051669639
"1171",61306,"11:12       ",2,1,1,25,2,21,18,1227.83,1542.5,23,"traits     ",1,1318,7.18,1,1,30,1,23,"Selected",867.980965737696,194.23051669639
"1172",61306,"11:12       ",2,1,1,25,2,21,18,1227.83,1542.5,28,"traits     ",1,857,6.75,17,1,30,1,23,"Selected",867.980965737696,194.23051669639
"1173",61306,"11:12       ",2,1,1,25,2,21,18,1227.83,1542.5,31,"traits     ",1,1029,6.94,5,1,30,1,23,"Selected",867.980965737696,194.23051669639
"1174",61306,"11:12       ",2,1,1,25,2,21,18,1227.83,1542.5,32,"traits     ",1,839,6.73,6,1,30,1,23,"Selected",867.980965737696,194.23051669639
"1175",61306,"11:12       ",2,1,1,25,2,21,18,1227.83,1542.5,33,"traits     ",1,738,6.6,14,1,30,1,23,"Selected",867.980965737696,194.23051669639
"1176",61306,"11:12       ",2,1,1,25,2,21,18,1227.83,1542.5,37,"traits     ",1,903,6.81,16,1,30,1,23,"Selected",867.980965737696,194.23051669639
"251",61406,"12:46       ",2,1,-1,26,2,17,17,2567.5,2824.83,3,"traits     ",1,2618,7.87,26,-1,31,2,21,"Selected",1660.53510960515,163.79092172922
"252",61406,"12:46       ",2,1,-1,26,2,17,17,2567.5,2824.83,9,"traits     ",1,1563,7.35,22,-1,31,2,21,"Selected",1660.53510960515,163.79092172922
"253",61406,"12:46       ",2,1,-1,26,2,17,17,2567.5,2824.83,36,"traits     ",1,2023,7.61,24,-1,31,2,21,"Selected",1660.53510960515,163.79092172922
"958",61406,"12:46       ",2,1,-1,26,2,17,17,2567.5,2824.83,1,"traits     ",1,1085,6.99,7,1,31,2,21,"Selected",1290.48253591885,157.7374710701
"959",61406,"12:46       ",2,1,-1,26,2,17,17,2567.5,2824.83,4,"traits     ",1,812,6.7,13,1,31,2,21,"Selected",1290.48253591885,157.7374710701
"960",61406,"12:46       ",2,1,-1,26,2,17,17,2567.5,2824.83,7,"traits     ",1,779,6.66,18,1,31,2,21,"Selected",1290.48253591885,157.7374710701
"961",61406,"12:46       ",2,1,-1,26,2,17,17,2567.5,2824.83,12,"traits     ",1,704,6.56,1,1,31,2,21,"Selected",1290.48253591885,157.7374710701
"962",61406,"12:46       ",2,1,-1,26,2,17,17,2567.5,2824.83,17,"traits     ",1,847,6.74,3,1,31,2,21,"Selected",1290.48253591885,157.7374710701
"963",61406,"12:46       ",2,1,-1,26,2,17,17,2567.5,2824.83,18,"traits     ",1,1081,6.99,8,1,31,2,21,"Selected",1290.48253591885,157.7374710701
"964",61406,"12:46       ",2,1,-1,26,2,17,17,2567.5,2824.83,21,"traits     ",1,782,6.66,17,1,31,2,21,"Selected",1290.48253591885,157.7374710701
"965",61406,"12:46       ",2,1,-1,26,2,17,17,2567.5,2824.83,22,"traits     ",1,711,6.57,2,1,31,2,21,"Selected",1290.48253591885,157.7374710701
"966",61406,"12:46       ",2,1,-1,26,2,17,17,2567.5,2824.83,24,"traits     ",1,1134,7.03,5,1,31,2,21,"Selected",1290.48253591885,157.7374710701
"967",61406,"12:46       ",2,1,-1,26,2,17,17,2567.5,2824.83,25,"traits     ",1,3141,8.05,19,1,31,2,21,"Selected",1290.48253591885,157.7374710701
"968",61406,"12:46       ",2,1,-1,26,2,17,17,2567.5,2824.83,27,"traits     ",1,3295,8.1,15,1,31,2,21,"Selected",1290.48253591885,157.7374710701
"969",61406,"12:46       ",2,1,-1,26,2,17,17,2567.5,2824.83,33,"traits     ",1,1792,7.49,16,1,31,2,21,"Selected",1290.48253591885,157.7374710701
"970",61406,"12:46       ",2,1,-1,26,2,17,17,2567.5,2824.83,34,"traits     ",1,917,6.82,6,1,31,2,21,"Selected",1290.48253591885,157.7374710701
"971",61406,"12:46       ",2,1,-1,26,2,17,17,2567.5,2824.83,35,"traits     ",1,665,6.5,11,1,31,2,21,"Selected",1290.48253591885,157.7374710701
"972",61406,"12:46       ",2,1,-1,26,2,17,17,2567.5,2824.83,37,"traits     ",1,729,6.59,9,1,31,2,21,"Selected",1290.48253591885,157.7374710701
"973",61406,"12:46       ",2,1,-1,26,2,17,17,2567.5,2824.83,38,"traits     ",1,742,6.61,14,1,31,2,21,"Selected",1290.48253591885,157.7374710701
"254",61406,"13:17       ",2,1,-1,27,2,19,20,3760,3448.83,13,"traits     ",1,901,6.8,27,-1,35,NA,NA,"Selected",841.318996883831,173.601869636569
"255",61406,"13:17       ",2,1,-1,27,2,19,20,3760,3448.83,17,"traits     ",1,960,6.87,37,-1,35,NA,NA,"Selected",841.318996883831,173.601869636569
"256",61406,"13:17       ",2,1,-1,27,2,19,20,3760,3448.83,35,"traits     ",1,952,6.86,38,-1,35,NA,NA,"Selected",841.318996883831,173.601869636569
"979",61406,"13:17       ",2,1,-1,27,2,19,20,3760,3448.83,2,"traits     ",1,451,6.11,2,1,35,NA,NA,"Selected",767.546579872068,159.191306215737
"980",61406,"13:17       ",2,1,-1,27,2,19,20,3760,3448.83,3,"traits     ",1,598,6.39,9,1,35,NA,NA,"Selected",767.546579872068,159.191306215737
"981",61406,"13:17       ",2,1,-1,27,2,19,20,3760,3448.83,5,"traits     ",1,643,6.47,3,1,35,NA,NA,"Selected",767.546579872068,159.191306215737
"982",61406,"13:17       ",2,1,-1,27,2,19,20,3760,3448.83,7,"traits     ",1,532,6.28,8,1,35,NA,NA,"Selected",767.546579872068,159.191306215737
"983",61406,"13:17       ",2,1,-1,27,2,19,20,3760,3448.83,11,"traits     ",1,593,6.39,12,1,35,NA,NA,"Selected",767.546579872068,159.191306215737
"984",61406,"13:17       ",2,1,-1,27,2,19,20,3760,3448.83,15,"traits     ",1,620,6.43,17,1,35,NA,NA,"Selected",767.546579872068,159.191306215737
"985",61406,"13:17       ",2,1,-1,27,2,19,20,3760,3448.83,19,"traits     ",1,962,6.87,10,1,35,NA,NA,"Selected",767.546579872068,159.191306215737
"986",61406,"13:17       ",2,1,-1,27,2,19,20,3760,3448.83,20,"traits     ",1,1218,7.1,11,1,35,NA,NA,"Selected",767.546579872068,159.191306215737
"987",61406,"13:17       ",2,1,-1,27,2,19,20,3760,3448.83,21,"traits     ",1,689,6.54,1,1,35,NA,NA,"Selected",767.546579872068,159.191306215737
"988",61406,"13:17       ",2,1,-1,27,2,19,20,3760,3448.83,22,"traits     ",1,845,6.74,14,1,35,NA,NA,"Selected",767.546579872068,159.191306215737
"989",61406,"13:17       ",2,1,-1,27,2,19,20,3760,3448.83,30,"traits     ",1,892,6.79,20,1,35,NA,NA,"Selected",767.546579872068,159.191306215737
"990",61406,"13:17       ",2,1,-1,27,2,19,20,3760,3448.83,31,"traits     ",1,649,6.48,18,1,35,NA,NA,"Selected",767.546579872068,159.191306215737
"991",61406,"13:17       ",2,1,-1,27,2,19,20,3760,3448.83,33,"traits     ",1,624,6.44,13,1,35,NA,NA,"Selected",767.546579872068,159.191306215737
"992",61406,"13:17       ",2,1,-1,27,2,19,20,3760,3448.83,34,"traits     ",1,950,6.86,5,1,35,NA,NA,"Selected",767.546579872068,159.191306215737
"993",61406,"13:17       ",2,1,-1,27,2,19,20,3760,3448.83,36,"traits     ",1,831,6.72,16,1,35,NA,NA,"Selected",767.546579872068,159.191306215737
"994",61406,"13:17       ",2,1,-1,27,2,19,20,3760,3448.83,40,"traits     ",1,758,6.63,15,1,35,NA,NA,"Selected",767.546579872068,159.191306215737
"257",61406,"15:27       ",2,1,-1,29,2,22,19,2390.83,1857.83,2,"traits     ",1,1550,7.35,25,-1,33,1,21,"Selected",1611.20349326658,158.190787125502
"258",61406,"15:27       ",2,1,-1,29,2,22,19,2390.83,1857.83,32,"traits     ",1,1117,7.02,34,-1,33,1,21,"Selected",1611.20349326658,158.190787125502
"259",61406,"15:27       ",2,1,-1,29,2,22,19,2390.83,1857.83,39,"traits     ",1,1538,7.34,33,-1,33,1,21,"Selected",1611.20349326658,158.190787125502
"1000",61406,"15:27       ",2,1,-1,29,2,22,19,2390.83,1857.83,4,"traits     ",1,889,6.79,20,1,33,1,21,"Selected",2323.4648983608,156.95567542826
"1001",61406,"15:27       ",2,1,-1,29,2,22,19,2390.83,1857.83,5,"traits     ",1,793,6.68,6,1,33,1,21,"Selected",2323.4648983608,156.95567542826
"1002",61406,"15:27       ",2,1,-1,29,2,22,19,2390.83,1857.83,6,"traits     ",1,686,6.53,2,1,33,1,21,"Selected",2323.4648983608,156.95567542826
"1004",61406,"15:27       ",2,1,-1,29,2,22,19,2390.83,1857.83,10,"traits     ",1,806,6.69,11,1,33,1,21,"Selected",2323.4648983608,156.95567542826
"1006",61406,"15:27       ",2,1,-1,29,2,22,19,2390.83,1857.83,18,"traits     ",1,974,6.88,14,1,33,1,21,"Selected",2323.4648983608,156.95567542826
"1007",61406,"15:27       ",2,1,-1,29,2,22,19,2390.83,1857.83,19,"traits     ",1,734,6.6,1,1,33,1,21,"Selected",2323.4648983608,156.95567542826
"1008",61406,"15:27       ",2,1,-1,29,2,22,19,2390.83,1857.83,22,"traits     ",1,877,6.78,7,1,33,1,21,"Selected",2323.4648983608,156.95567542826
"1009",61406,"15:27       ",2,1,-1,29,2,22,19,2390.83,1857.83,24,"traits     ",1,935,6.84,13,1,33,1,21,"Selected",2323.4648983608,156.95567542826
"1010",61406,"15:27       ",2,1,-1,29,2,22,19,2390.83,1857.83,31,"traits     ",1,1281,7.16,8,1,33,1,21,"Selected",2323.4648983608,156.95567542826
"1011",61406,"15:27       ",2,1,-1,29,2,22,19,2390.83,1857.83,33,"traits     ",1,964,6.87,3,1,33,1,21,"Selected",2323.4648983608,156.95567542826
"1012",61406,"15:27       ",2,1,-1,29,2,22,19,2390.83,1857.83,36,"traits     ",1,953,6.86,18,1,33,1,21,"Selected",2323.4648983608,156.95567542826
"1013",61406,"15:27       ",2,1,-1,29,2,22,19,2390.83,1857.83,37,"traits     ",1,1023,6.93,16,1,33,1,21,"Selected",2323.4648983608,156.95567542826
"1014",61406,"15:27       ",2,1,-1,29,2,22,19,2390.83,1857.83,38,"traits     ",1,1168,7.06,12,1,33,1,21,"Selected",2323.4648983608,156.95567542826
"329",61406,"15:32       ",2,1,1,30,2,24,22,2164.17,2234,6,"traits     ",1,1169,7.06,32,-1,35,2,22,"Selected",1434.31566208976,212.5023759356
"1182",61406,"15:32       ",2,1,1,30,2,24,22,2164.17,2234,1,"traits     ",1,781,6.66,4,1,35,2,22,"Selected",984.064950950002,170.610985951364
"1183",61406,"15:32       ",2,1,1,30,2,24,22,2164.17,2234,2,"traits     ",1,988,6.9,9,1,35,2,22,"Selected",984.064950950002,170.610985951364
"1184",61406,"15:32       ",2,1,1,30,2,24,22,2164.17,2234,4,"traits     ",1,917,6.82,18,1,35,2,22,"Selected",984.064950950002,170.610985951364
"1185",61406,"15:32       ",2,1,1,30,2,24,22,2164.17,2234,9,"traits     ",1,966,6.87,2,1,35,2,22,"Selected",984.064950950002,170.610985951364
"1186",61406,"15:32       ",2,1,1,30,2,24,22,2164.17,2234,14,"traits     ",1,2218,7.7,15,1,35,2,22,"Selected",984.064950950002,170.610985951364
"1187",61406,"15:32       ",2,1,1,30,2,24,22,2164.17,2234,18,"traits     ",1,957,6.86,13,1,35,2,22,"Selected",984.064950950002,170.610985951364
"1188",61406,"15:32       ",2,1,1,30,2,24,22,2164.17,2234,19,"traits     ",1,727,6.59,12,1,35,2,22,"Selected",984.064950950002,170.610985951364
"1189",61406,"15:32       ",2,1,1,30,2,24,22,2164.17,2234,23,"traits     ",1,904,6.81,20,1,35,2,22,"Selected",984.064950950002,170.610985951364
"1190",61406,"15:32       ",2,1,1,30,2,24,22,2164.17,2234,26,"traits     ",1,765,6.64,19,1,35,2,22,"Selected",984.064950950002,170.610985951364
"1191",61406,"15:32       ",2,1,1,30,2,24,22,2164.17,2234,29,"traits     ",1,825,6.72,10,1,35,2,22,"Selected",984.064950950002,170.610985951364
"1192",61406,"15:32       ",2,1,1,30,2,24,22,2164.17,2234,30,"traits     ",1,973,6.88,16,1,35,2,22,"Selected",984.064950950002,170.610985951364
"1193",61406,"15:32       ",2,1,1,30,2,24,22,2164.17,2234,31,"traits     ",1,775,6.65,5,1,35,2,22,"Selected",984.064950950002,170.610985951364
"1194",61406,"15:32       ",2,1,1,30,2,24,22,2164.17,2234,37,"traits     ",1,734,6.6,17,1,35,2,22,"Selected",984.064950950002,170.610985951364
"1195",61406,"15:32       ",2,1,1,30,2,24,22,2164.17,2234,38,"traits     ",1,988,6.9,1,1,35,2,22,"Selected",984.064950950002,170.610985951364
"260",61506,"13:21       ",2,1,-1,31,2,21,21,2278.33,2746.83,1,"traits     ",1,1143,7.04,37,-1,30,2,22,"Selected",861.289607570943,135.637891099272
"261",61506,"13:21       ",2,1,-1,31,2,21,21,2278.33,2746.83,11,"traits     ",1,773,6.65,36,-1,30,2,22,"Selected",861.289607570943,135.637891099272
"262",61506,"13:21       ",2,1,-1,31,2,21,21,2278.33,2746.83,14,"traits     ",1,1295,7.17,25,-1,30,2,22,"Selected",861.289607570943,135.637891099272
"263",61506,"13:21       ",2,1,-1,31,2,21,21,2278.33,2746.83,17,"traits     ",1,962,6.87,29,-1,30,2,22,"Selected",861.289607570943,135.637891099272
"264",61506,"13:21       ",2,1,-1,31,2,21,21,2278.33,2746.83,18,"traits     ",1,774,6.65,33,-1,30,2,22,"Selected",861.289607570943,135.637891099272
"265",61506,"13:21       ",2,1,-1,31,2,21,21,2278.33,2746.83,21,"traits     ",1,759,6.63,22,-1,30,2,22,"Selected",861.289607570943,135.637891099272
"266",61506,"13:21       ",2,1,-1,31,2,21,21,2278.33,2746.83,24,"traits     ",1,1179,7.07,27,-1,30,2,22,"Selected",861.289607570943,135.637891099272
"267",61506,"13:21       ",2,1,-1,31,2,21,21,2278.33,2746.83,33,"traits     ",1,1075,6.98,24,-1,30,2,22,"Selected",861.289607570943,135.637891099272
"268",61506,"13:21       ",2,1,-1,31,2,21,21,2278.33,2746.83,38,"traits     ",1,1055,6.96,30,-1,30,2,22,"Selected",861.289607570943,135.637891099272
"1021",61506,"13:21       ",2,1,-1,31,2,21,21,2278.33,2746.83,2,"traits     ",1,861,6.76,14,1,30,2,22,"Selected",874.389870344709,151.275249460331
"1022",61506,"13:21       ",2,1,-1,31,2,21,21,2278.33,2746.83,4,"traits     ",1,735,6.6,19,1,30,2,22,"Selected",874.389870344709,151.275249460331
"1023",61506,"13:21       ",2,1,-1,31,2,21,21,2278.33,2746.83,7,"traits     ",1,595,6.39,18,1,30,2,22,"Selected",874.389870344709,151.275249460331
"1024",61506,"13:21       ",2,1,-1,31,2,21,21,2278.33,2746.83,8,"traits     ",1,621,6.43,11,1,30,2,22,"Selected",874.389870344709,151.275249460331
"1025",61506,"13:21       ",2,1,-1,31,2,21,21,2278.33,2746.83,9,"traits     ",1,670,6.51,16,1,30,2,22,"Selected",874.389870344709,151.275249460331
"1026",61506,"13:21       ",2,1,-1,31,2,21,21,2278.33,2746.83,10,"traits     ",1,663,6.5,6,1,30,2,22,"Selected",874.389870344709,151.275249460331
"1027",61506,"13:21       ",2,1,-1,31,2,21,21,2278.33,2746.83,13,"traits     ",1,803,6.69,3,1,30,2,22,"Selected",874.389870344709,151.275249460331
"1028",61506,"13:21       ",2,1,-1,31,2,21,21,2278.33,2746.83,16,"traits     ",1,992,6.9,10,1,30,2,22,"Selected",874.389870344709,151.275249460331
"1029",61506,"13:21       ",2,1,-1,31,2,21,21,2278.33,2746.83,20,"traits     ",1,732,6.6,15,1,30,2,22,"Selected",874.389870344709,151.275249460331
"1030",61506,"13:21       ",2,1,-1,31,2,21,21,2278.33,2746.83,22,"traits     ",1,979,6.89,4,1,30,2,22,"Selected",874.389870344709,151.275249460331
"1031",61506,"13:21       ",2,1,-1,31,2,21,21,2278.33,2746.83,26,"traits     ",1,1125,7.03,20,1,30,2,22,"Selected",874.389870344709,151.275249460331
"1032",61506,"13:21       ",2,1,-1,31,2,21,21,2278.33,2746.83,27,"traits     ",1,1224,7.11,9,1,30,2,22,"Selected",874.389870344709,151.275249460331
"1033",61506,"13:21       ",2,1,-1,31,2,21,21,2278.33,2746.83,30,"traits     ",1,680,6.52,1,1,30,2,22,"Selected",874.389870344709,151.275249460331
"1034",61506,"13:21       ",2,1,-1,31,2,21,21,2278.33,2746.83,35,"traits     ",1,1094,7,2,1,30,2,22,"Selected",874.389870344709,151.275249460331
"1035",61506,"13:21       ",2,1,-1,31,2,21,21,2278.33,2746.83,37,"traits     ",1,851,6.75,5,1,30,2,22,"Selected",874.389870344709,151.275249460331
"1036",61506,"13:21       ",2,1,-1,31,2,21,21,2278.33,2746.83,39,"traits     ",1,565,6.34,13,1,30,2,22,"Selected",874.389870344709,151.275249460331
"1037",61506,"13:21       ",2,1,-1,31,2,21,21,2278.33,2746.83,40,"traits     ",1,587,6.38,8,1,30,2,22,"Selected",874.389870344709,151.275249460331
